event_id,away_team_name,event_date,day_of_week,last_updated,03/26/17,03/25/17,03/24/17,03/23/17,03/22/17,03/21/17,03/20/17,03/19/17,03/18/17,03/17/17,03/16/17,03/15/17,03/14/17,03/13/17,03/12/17,03/11/17,03/10/17,03/09/17,03/08/17,03/07/17,03/06/17,03/05/17,02/24/17,02/09/17,01/25/17,link
9722613,Los Angeles Dodgers,2017-04-10 19:05:00,monday   ,2017-03-26 03:14:02.752819,125.1 / 167,117.0 / 156,119.7 / 160,117.0 / 156,121.5 / 162,105.3 / 141,125.1 / 165,125.1 / 167,163.8 / 217,176.4 / 233,171.0 / 226,171.0 / 226,171.0 / 226,171.0 / 226,173.7 / 230,175.5 / 232,170.1 / 225,170.1 / 225,170.1 / 225,171.0 / 226,175.5 / 232,176.4 / 233,157.5 / 209,,,https://www.stubhub.com/event/9722613?&sid=117035
9722617,Los Angeles Dodgers,2017-04-12 19:05:00,wednesday,2017-03-26 03:17:05.456269,64.8 / 88,62.1 / 85,60.3 / 82,60.3 / 82,61.2 / 84,61.2 / 83,68.4 / 93,45.0 / 62,90.0 / 121,94.5 / 127,90.0 / 121,102.6 / 137,101.7 / 136,101.7 / 136,102.6 / 137,102.6 / 137,90.0 / 121,104.4 / 140,107.1 / 143,106.2 / 143,105.3 / 141,106.2 / 143,105.3 / 141,,,https://www.stubhub.com/event/9722617?&sid=117035
9722620,Los Angeles Dodgers,2017-04-13 13:20:00,thursday ,2017-03-26 03:19:06.12217,22.5 / 33,21.6 / 32,21.6 / 32,21.6 / 32,24.3 / 33,22.5 / 33,23.4 / 34,27.9 / 39,31.5 / 45,32.4 / 46,32.4 / 46,41.4 / 58,41.4 / 58,40.5 / 57,44.1 / 61,42.3 / 59,42.3 / 59,44.1 / 61,45.0 / 62,45.0 / 62,45.0 / 62,45.0 / 62,45.0 / 62,,,https://www.stubhub.com/event/9722620?&sid=117035
9723453,Pittsburgh Pirates,2017-04-14 13:20:00,friday   ,2017-03-26 03:20:28.213866,33.3 / 47,31.5 / 45,31.5 / 45,32.4 / 47,34.2 / 49,34.2 / 49,35.1 / 50,45.0 / 62,49.5 / 68,53.1 / 73,53.1 / 73,53.1 / 73,49.5 / 68,49.5 / 68,49.5 / 68,54.0 / 74,54.0 / 74,49.5 / 68,49.5 / 68,50.4 / 70,50.4 / 70,50.4 / 70,57.6 / 78,,,https://www.stubhub.com/event/9723453?&sid=117035
9723470,Pittsburgh Pirates,2017-04-15 13:20:00,saturday ,2017-03-26 03:23:49.960405,55.8 / 77,55.8 / 76,54.0 / 74,52.2 / 72,54.9 / 75,50.4 / 69,58.5 / 78,58.5 / 80,76.5 / 103,88.2 / 119,90.0 / 121,97.2 / 130,93.6 / 126,98.1 / 131,84.6 / 114,84.6 / 114,98.1 / 131,90.0 / 121,91.8 / 123,90.0 / 121,93.6 / 126,93.6 / 126,75.6 / 102,,,https://www.stubhub.com/event/9723470?&sid=117035
9723475,Pittsburgh Pirates,2017-04-16 13:20:00,sunday   ,2017-03-26 03:26:32.908725,27.0 / 39,26.1 / 38,27.0 / 39,27.0 / 39,28.8 / 41,28.8 / 41,29.7 / 43,31.5 / 45,36.0 / 51,44.1 / 61,45.0 / 63,45.0 / 62,45.0 / 63,45.0 / 62,45.0 / 62,45.0 / 62,45.0 / 62,45.0 / 62,45.0 / 63,45.9 / 64,45.9 / 64,45.9 / 64,43.2 / 60,,,https://www.stubhub.com/event/9723475?&sid=117035
9722506,Milwaukee Brewers,2017-04-17 19:05:00,monday   ,2017-03-26 03:27:42.693717,16.2 / 25,16.2 / 24,14.4 / 23,14.4 / 23,15.3 / 24,14.4 / 23,11.7 / 19,19.8 / 30,22.5 / 33,27.0 / 39,28.8 / 41,28.8 / 41,28.8 / 41,28.8 / 41,28.8 / 41,28.8 / 41,28.8 / 41,31.5 / 45,31.5 / 45,31.5 / 45,29.7 / 43,25.2 / 37,23.4 / 35,,,https://www.stubhub.com/event/9722506?&sid=117035
9722515,Milwaukee Brewers,2017-04-18 19:05:00,tuesday  ,2017-03-26 03:29:14.244953,13.5 / 22,13.5 / 21,14.4 / 23,15.3 / 24,16.2 / 25,16.2 / 26,16.2 / 25,18.9 / 29,22.5 / 33,23.4 / 34,23.4 / 34,23.4 / 34,23.4 / 34,23.4 / 34,23.4 / 34,23.4 / 34,23.4 / 34,23.4 / 34,23.4 / 34,21.6 / 32,23.4 / 34,23.4 / 34,23.4 / 34,,,https://www.stubhub.com/event/9722515?&sid=117035
9722520,Milwaukee Brewers,2017-04-19 13:20:00,wednesday,2017-03-26 03:31:19.887139,18.0 / 27,18.0 / 27,18.9 / 29,19.8 / 30,18.0 / 27,18.0 / 27,22.5 / 33,25.2 / 37,26.1 / 38,26.1 / 38,27.9 / 40,28.8 / 41,28.8 / 41,28.8 / 41,28.8 / 41,27.0 / 39,27.0 / 39,27.0 / 39,28.8 / 41,28.8 / 41,28.8 / 41,29.7 / 43,27.9 / 40,,,https://www.stubhub.com/event/9722520?&sid=117035
9723425,Philadelphia Phillies,2017-05-01 19:05:00,monday   ,2017-03-26 03:05:31.773592,18.0 / 28,18.0 / 28,19.8 / 30,19.8 / 30,20.7 / 31,20.7 / 31,19.8 / 29,20.7 / 31,25.2 / 34,24.3 / 34,25.2 / 37,25.2 / 37,25.2 / 37,25.2 / 37,25.2 / 37,25.2 / 37,25.2 / 37,25.2 / 37,25.2 / 37,25.2 / 37,25.2 / 37,25.2 / 37,23.4 / 34,,,https://www.stubhub.com/event/9723425?&sid=117035
9723445,Philadelphia Phillies,2017-05-02 19:05:00,tuesday  ,2017-03-26 03:05:39.641042,19.8 / 30,17.1 / 26,17.1 / 26,17.1 / 26,18.0 / 27,19.8 / 30,19.8 / 30,20.7 / 31,23.4 / 34,23.4 / 34,23.4 / 35,23.4 / 35,23.4 / 35,23.4 / 35,23.4 / 35,23.4 / 35,24.3 / 35,24.3 / 35,24.3 / 36,24.3 / 36,24.3 / 36,24.3 / 36,23.4 / 34,,,https://www.stubhub.com/event/9723445?&sid=117035
9723447,Philadelphia Phillies,2017-05-03 19:05:00,wednesday,2017-03-26 03:05:47.760507,17.1 / 26,17.1 / 26,18.0 / 27,18.9 / 29,18.0 / 27,18.9 / 29,19.8 / 30,20.7 / 31,23.4 / 34,23.4 / 34,24.3 / 36,24.3 / 36,24.3 / 36,24.3 / 36,24.3 / 36,24.3 / 36,24.3 / 36,24.3 / 36,25.2 / 37,25.2 / 37,25.2 / 37,25.2 / 37,22.5 / 34,,,https://www.stubhub.com/event/9723447?&sid=117035
9729558,Philadelphia Phillies,2017-05-04 13:20:00,thursday ,2017-03-26 03:05:53.204818,25.2 / 37,25.2 / 37,26.1 / 38,26.1 / 38,25.2 / 36,25.2 / 36,27.9 / 40,30.6 / 41,30.6 / 41,30.6 / 41,31.5 / 45,31.5 / 45,31.5 / 45,29.7 / 43,29.7 / 43,29.7 / 43,29.7 / 43,29.7 / 43,29.7 / 43,29.7 / 43,29.7 / 43,29.7 / 43,31.5 / 45,,,https://www.stubhub.com/event/9729558?&sid=117035
9723599,New York Yankees,2017-05-05 13:20:00,friday   ,2017-03-26 03:06:01.531294,105.3 / 141,105.3 / 141,90.0 / 121,104.4 / 140,105.3 / 141,105.3 / 141,110.7 / 148,112.5 / 150,118.8 / 158,118.8 / 158,122.4 / 163,122.4 / 163,123.3 / 164,122.4 / 163,122.4 / 163,122.4 / 163,121.5 / 162,123.3 / 164,126.0 / 168,126.0 / 168,126.0 / 168,126.0 / 168,103.5 / 139,,,https://www.stubhub.com/event/9723599?&sid=117035
9723602,New York Yankees,2017-05-06 18:15:00,saturday ,2017-03-26 03:06:13.937004,115.2 / 154,115.2 / 154,114.3 / 153,108.0 / 144,100.8 / 135,100.8 / 135,123.3 / 164,125.1 / 167,135.0 / 179,137.7 / 183,136.8 / 181,135.0 / 180,135.0 / 180,134.1 / 178,134.1 / 178,134.1 / 178,134.1 / 178,134.1 / 178,134.1 / 178,134.1 / 178,139.5 / 185,139.5 / 185,135.9 / 181,,,https://www.stubhub.com/event/9723602?&sid=117035
9723604,New York Yankees,2017-05-07 19:05:00,sunday   ,2017-03-26 03:06:32.57207,81.0 / 109,80.1 / 108,80.1 / 108,79.2 / 107,84.6 / 114,84.6 / 114,90.9 / 122,94.5 / 127,98.1 / 132,94.5 / 127,98.1 / 132,98.1 / 132,98.1 / 132,98.1 / 132,98.1 / 132,98.1 / 132,96.3 / 129,96.3 / 129,98.1 / 132,99.0 / 133,100.8 / 135,100.8 / 135,99.0 / 132,,,https://www.stubhub.com/event/9723604?&sid=117035
9723503,Cincinnati Reds,2017-05-16 19:05:00,tuesday  ,2017-03-26 03:06:45.112787,27.9 / 40,27.9 / 40,28.8 / 41,22.5 / 33,28.8 / 41,28.8 / 41,28.8 / 41,28.8 / 41,29.7 / 43,29.7 / 43,32.4 / 46,32.4 / 46,34.2 / 48,31.5 / 45,31.5 / 45,31.5 / 45,31.5 / 45,31.5 / 45,31.5 / 45,31.5 / 45,31.5 / 45,31.5 / 45,29.7 / 43,,,https://www.stubhub.com/event/9723503?&sid=117035
9723505,Cincinnati Reds,2017-05-17 19:05:00,wednesday,2017-03-26 03:06:53.857287,24.3 / 36,24.3 / 36,25.2 / 37,22.5 / 33,25.2 / 37,25.2 / 37,27.0 / 39,27.0 / 39,27.9 / 40,27.9 / 40,27.9 / 41,27.9 / 41,27.9 / 41,27.9 / 41,27.9 / 41,27.9 / 41,27.9 / 41,27.9 / 41,27.9 / 41,27.9 / 41,27.9 / 41,27.9 / 41,27.0 / 39,,,https://www.stubhub.com/event/9723505?&sid=117035
9723507,Cincinnati Reds,2017-05-18 13:20:00,thursday ,2017-03-26 03:07:03.543841,32.4 / 46,32.4 / 46,32.4 / 46,32.4 / 46,33.3 / 47,33.3 / 47,31.5 / 45,31.5 / 45,34.2 / 48,34.2 / 48,34.2 / 48,34.2 / 48,34.2 / 48,34.2 / 48,34.2 / 48,33.3 / 48,33.3 / 48,33.3 / 48,34.2 / 48,34.2 / 48,38.7 / 54,38.7 / 54,37.8 / 54,,,https://www.stubhub.com/event/9723507?&sid=117035
9722523,Milwaukee Brewers,2017-05-19 13:20:00,friday   ,2017-03-26 03:07:14.457466,52.2 / 72,51.3 / 71,51.3 / 71,51.3 / 71,54.0 / 74,54.0 / 74,55.8 / 77,55.8 / 77,57.6 / 79,57.6 / 79,57.6 / 79,56.7 / 78,56.7 / 78,57.6 / 79,57.6 / 79,57.6 / 79,57.6 / 79,57.6 / 79,54.0 / 74,54.0 / 74,54.0 / 74,54.0 / 74,53.1 / 73,,,https://www.stubhub.com/event/9722523?&sid=117035
9722536,Milwaukee Brewers,2017-05-20 13:20:00,saturday ,2017-03-26 03:07:20.895834,88.2 / 119,88.2 / 119,88.2 / 119,81.0 / 109,84.6 / 114,84.6 / 114,63.0 / 86,88.2 / 119,91.8 / 123,94.5 / 127,106.2 / 142,106.2 / 142,106.2 / 141,106.2 / 141,106.2 / 142,106.2 / 142,105.3 / 141,105.3 / 141,106.2 / 142,106.2 / 142,109.8 / 147,109.8 / 147,90.0 / 121,,,https://www.stubhub.com/event/9722536?&sid=117035
9722541,Milwaukee Brewers,2017-05-21 13:20:00,sunday   ,2017-03-26 03:07:27.83023,49.5 / 68,45.0 / 62,49.5 / 68,53.1 / 73,56.7 / 78,57.6 / 79,61.2 / 84,58.5 / 80,61.2 / 84,63.0 / 86,63.0 / 86,63.0 / 86,63.0 / 86,63.0 / 86,63.0 / 86,63.0 / 86,62.1 / 85,63.0 / 86,63.0 / 86,61.2 / 84,62.1 / 85,54.0 / 74,53.1 / 73,,,https://www.stubhub.com/event/9722541?&sid=117035
9722957,San Francisco Giants,2017-05-22 19:05:00,monday   ,2017-03-26 03:07:35.17065,30.6 / 44,30.6 / 44,28.8 / 41,30.6 / 44,34.2 / 48,34.2 / 48,34.2 / 48,35.1 / 50,43.2 / 60,43.2 / 60,43.2 / 61,43.2 / 60,43.2 / 61,43.2 / 60,43.2 / 60,43.2 / 60,43.2 / 60,43.2 / 60,43.2 / 60,43.2 / 60,43.2 / 60,43.2 / 60,43.2 / 60,,,https://www.stubhub.com/event/9722957?&sid=117035
9722965,San Francisco Giants,2017-05-23 19:05:00,tuesday  ,2017-03-26 03:07:43.323117,32.4 / 46,32.4 / 46,32.4 / 46,30.6 / 44,32.4 / 46,32.4 / 46,32.4 / 46,34.2 / 48,38.7 / 54,38.7 / 54,39.6 / 56,39.6 / 56,39.6 / 56,39.6 / 56,39.6 / 56,39.6 / 56,39.6 / 56,39.6 / 56,39.6 / 56,39.6 / 55,39.6 / 55,39.6 / 55,38.7 / 55,,,https://www.stubhub.com/event/9722965?&sid=117035
9722968,San Francisco Giants,2017-05-24 19:05:00,wednesday,2017-03-26 03:07:50.074503,35.1 / 50,35.1 / 50,36.0 / 51,36.9 / 52,38.7 / 54,38.7 / 54,40.5 / 57,40.5 / 57,44.1 / 61,45.0 / 62,45.0 / 62,39.6 / 55,39.6 / 55,39.6 / 55,39.6 / 55,39.6 / 55,39.6 / 55,39.6 / 55,39.6 / 55,39.6 / 55,39.6 / 55,39.6 / 55,38.7 / 54,,,https://www.stubhub.com/event/9722968?&sid=117035
9722971,San Francisco Giants,2017-05-25 13:20:00,thursday ,2017-03-26 03:07:56.751885,43.2 / 60,43.2 / 60,43.2 / 60,43.2 / 60,43.2 / 60,43.2 / 60,44.1 / 61,44.1 / 61,45.0 / 62,45.0 / 62,45.0 / 62,45.0 / 62,60.3 / 82,59.4 / 82,59.4 / 82,59.4 / 82,59.4 / 82,58.5 / 80,58.5 / 80,47.7 / 66,47.7 / 66,47.7 / 66,60.3 / 82,,,https://www.stubhub.com/event/9722971?&sid=117035
9722553,St. Louis Cardinals,2017-06-02 13:20:00,friday   ,2017-03-26 03:08:03.655279,108.0 / 144,108.0 / 144,107.1 / 143,107.1 / 143,109.8 / 147,107.1 / 143,107.1 / 143,107.1 / 143,109.8 / 147,109.8 / 147,111.6 / 149,111.6 / 149,108.0 / 144,107.1 / 143,107.1 / 143,107.1 / 143,107.1 / 143,107.1 / 144,107.1 / 144,105.3 / 140,105.3 / 140,105.3 / 141,116.1 / 155,,,https://www.stubhub.com/event/9722553?&sid=117035
9722568,St. Louis Cardinals,2017-06-03 13:20:00,saturday ,2017-03-26 03:08:12.546788,112.5 / 150,108.0 / 144,108.0 / 144,112.5 / 150,105.3 / 141,111.6 / 149,108.0 / 144,135.0 / 180,142.2 / 189,144.0 / 191,145.8 / 194,145.8 / 194,142.2 / 189,139.5 / 185,139.5 / 185,139.5 / 185,139.5 / 185,125.1 / 167,125.1 / 167,142.2 / 189,138.6 / 184,139.5 / 185,140.4 / 187,,,https://www.stubhub.com/event/9722568?&sid=117035
9722573,St. Louis Cardinals,2017-06-04 18:35:00,sunday   ,2017-03-26 03:08:24.166453,70.2 / 95,70.2 / 95,70.2 / 95,75.6 / 102,78.3 / 106,83.7 / 113,86.4 / 116,88.2 / 119,90.0 / 121,90.0 / 121,90.0 / 121,90.0 / 121,90.0 / 121,90.0 / 121,90.0 / 121,90.0 / 121,90.0 / 121,90.0 / 121,90.0 / 121,90.0 / 121,90.0 / 121,90.0 / 121,90.0 / 120,,,https://www.stubhub.com/event/9722573?&sid=117035
9722981,Miami Marlins,2017-06-05 19:05:00,monday   ,2017-03-26 03:08:34.833063,30.6 / 44,30.6 / 44,31.5 / 45,32.4 / 47,34.2 / 48,34.2 / 48,35.1 / 50,35.1 / 50,37.8 / 53,37.8 / 53,43.2 / 61,43.2 / 60,43.2 / 60,43.2 / 60,43.2 / 60,43.2 / 60,43.2 / 60,43.2 / 60,38.7 / 55,38.7 / 55,38.7 / 55,38.7 / 55,38.7 / 55,,,https://www.stubhub.com/event/9722981?&sid=117035
9722985,Miami Marlins,2017-06-06 19:05:00,tuesday  ,2017-03-26 03:08:42.82352,31.5 / 45,31.5 / 45,31.5 / 45,31.5 / 45,33.3 / 47,33.3 / 47,34.2 / 48,35.1 / 50,36.0 / 51,36.0 / 51,38.7 / 55,38.7 / 55,38.7 / 55,38.7 / 55,38.7 / 55,38.7 / 55,38.7 / 55,38.7 / 55,38.7 / 55,38.7 / 55,38.7 / 55,38.7 / 55,38.7 / 54,,,https://www.stubhub.com/event/9722985?&sid=117035
9722986,Miami Marlins,2017-06-07 19:05:00,wednesday,2017-03-26 03:08:49.557905,36.9 / 52,36.9 / 52,36.9 / 52,36.0 / 51,37.8 / 53,37.8 / 53,39.6 / 55,42.3 / 59,43.2 / 60,44.1 / 61,45.0 / 62,45.0 / 62,45.0 / 62,45.0 / 62,45.0 / 62,45.0 / 62,45.0 / 62,45.0 / 62,45.0 / 62,45.0 / 62,45.0 / 62,45.0 / 62,45.0 / 62,,,https://www.stubhub.com/event/9722986?&sid=117035
9723535,Colorado Rockies,2017-06-08 19:05:00,thursday ,2017-03-26 03:08:55.623252,46.8 / 65,46.8 / 65,47.7 / 66,45.0 / 62,45.0 / 62,45.0 / 62,51.3 / 71,51.3 / 71,54.0 / 74,54.0 / 74,54.0 / 74,54.0 / 74,54.0 / 74,54.0 / 74,54.0 / 74,54.0 / 74,54.0 / 74,54.0 / 74,54.0 / 74,54.0 / 74,54.0 / 74,54.0 / 74,53.1 / 73,,,https://www.stubhub.com/event/9723535?&sid=117035
9723537,Colorado Rockies,2017-06-09 13:20:00,friday   ,2017-03-26 03:09:02.567649,70.2 / 95,70.2 / 95,70.2 / 96,70.2 / 96,76.5 / 103,76.5 / 103,84.6 / 111,81.9 / 110,84.6 / 114,85.5 / 115,85.5 / 115,85.5 / 115,85.5 / 115,85.5 / 115,85.5 / 115,85.5 / 115,85.5 / 115,85.5 / 115,84.6 / 114,84.6 / 114,84.6 / 114,84.6 / 114,80.1 / 108,,,https://www.stubhub.com/event/9723537?&sid=117035
9723541,Colorado Rockies,2017-06-10 13:20:00,saturday ,2017-03-26 03:09:09.560049,88.2 / 119,85.5 / 115,85.5 / 115,88.2 / 119,76.5 / 103,76.5 / 103,90.0 / 121,94.5 / 127,97.2 / 130,98.1 / 131,98.1 / 131,98.1 / 131,98.1 / 131,98.1 / 131,98.1 / 131,98.1 / 131,98.1 / 131,97.2 / 131,97.2 / 131,98.1 / 132,98.1 / 132,98.1 / 132,97.2 / 130,,,https://www.stubhub.com/event/9723541?&sid=117035
9729557,Colorado Rockies,2017-06-11 13:20:00,sunday   ,2017-03-26 03:09:15.17037,57.6 / 79,54.0 / 74,53.1 / 73,54.0 / 74,58.5 / 80,58.5 / 80,66.6 / 91,74.7 / 101,76.5 / 103,76.5 / 103,78.3 / 106,77.4 / 105,76.5 / 103,76.5 / 103,76.5 / 103,76.5 / 103,75.6 / 103,75.6 / 103,75.6 / 103,75.6 / 102,75.6 / 102,72.0 / 98,70.2 / 95,,,https://www.stubhub.com/event/9729557?&sid=117035
9723408,San Diego Padres,2017-06-19 19:05:00,monday   ,2017-03-26 03:09:22.50879,37.8 / 53,37.8 / 53,37.8 / 53,40.5 / 57,41.4 / 58,41.4 / 58,41.4 / 58,43.2 / 60,44.1 / 61,44.1 / 61,44.1 / 61,44.1 / 61,44.1 / 61,44.1 / 61,44.1 / 61,44.1 / 61,44.1 / 61,44.1 / 61,44.1 / 61,44.1 / 61,44.1 / 61,44.1 / 61,44.1 / 61,,,https://www.stubhub.com/event/9723408?&sid=117035
9723409,San Diego Padres,2017-06-20 19:05:00,tuesday  ,2017-03-26 03:09:28.951158,40.5 / 57,40.5 / 57,40.5 / 57,41.4 / 58,41.4 / 58,41.4 / 58,44.1 / 61,44.1 / 61,44.1 / 61,44.1 / 61,45.0 / 63,45.0 / 63,45.0 / 63,45.0 / 63,45.0 / 63,45.0 / 63,45.0 / 63,45.0 / 63,46.8 / 65,46.8 / 65,46.8 / 65,46.8 / 65,45.0 / 62,,,https://www.stubhub.com/event/9723409?&sid=117035
9723412,San Diego Padres,2017-06-21 13:20:00,wednesday,2017-03-26 03:09:35.778549,57.6 / 79,53.1 / 73,53.1 / 73,53.1 / 73,62.1 / 85,62.1 / 85,62.1 / 85,58.5 / 80,59.4 / 82,59.4 / 82,59.4 / 82,59.4 / 82,59.4 / 82,59.4 / 82,59.4 / 82,59.4 / 82,59.4 / 82,59.4 / 82,62.1 / 85,62.1 / 85,62.1 / 85,62.1 / 85,66.6 / 91,,,https://www.stubhub.com/event/9723412?&sid=117035
9723496,Tampa Bay Rays,2017-07-04 13:20:00,tuesday  ,2017-03-26 03:09:42.253919,65.7 / 89,65.7 / 89,64.8 / 88,68.4 / 94,70.2 / 95,70.2 / 95,72.0 / 98,74.7 / 101,74.7 / 101,75.6 / 102,75.6 / 102,75.6 / 102,75.6 / 102,75.6 / 102,75.6 / 102,75.6 / 102,75.6 / 102,75.6 / 102,75.6 / 102,75.6 / 102,75.6 / 102,75.6 / 102,67.5 / 92,,,https://www.stubhub.com/event/9723496?&sid=117035
9723499,Tampa Bay Rays,2017-07-05 13:20:00,wednesday,2017-03-26 03:09:48.456274,66.6 / 88,66.6 / 88,66.6 / 88,66.6 / 88,67.5 / 92,67.5 / 92,68.4 / 93,68.4 / 93,69.3 / 94,69.3 / 94,69.3 / 94,69.3 / 94,69.3 / 94,69.3 / 94,69.3 / 94,69.3 / 94,69.3 / 94,69.3 / 94,73.8 / 100,73.8 / 100,73.8 / 100,73.8 / 100,73.8 / 100,,,https://www.stubhub.com/event/9723499?&sid=117035
9723457,Pittsburgh Pirates,2017-07-07 13:20:00,friday   ,2017-03-26 03:09:55.685687,80.1 / 108,80.1 / 108,80.1 / 108,80.1 / 108,82.8 / 112,84.6 / 114,85.5 / 116,85.5 / 116,86.4 / 116,87.3 / 117,83.7 / 112,83.7 / 112,83.7 / 112,83.7 / 112,83.7 / 112,81.9 / 111,81.9 / 111,81.9 / 111,83.7 / 112,82.8 / 112,82.8 / 112,82.8 / 112,80.1 / 108,,,https://www.stubhub.com/event/9723457?&sid=117035
9723478,Pittsburgh Pirates,2017-07-08 18:15:00,saturday ,2017-03-26 03:10:01.809037,93.6 / 126,93.6 / 125,93.6 / 126,81.0 / 109,101.7 / 136,105.3 / 141,108.9 / 146,111.6 / 149,116.1 / 155,117.0 / 156,119.7 / 160,119.7 / 160,119.7 / 160,111.6 / 150,111.6 / 150,111.6 / 150,111.6 / 150,111.6 / 150,111.6 / 150,115.2 / 154,115.2 / 154,112.5 / 150,88.2 / 119,,,https://www.stubhub.com/event/9723478?&sid=117035
9723480,Pittsburgh Pirates,2017-07-09 12:10:00,sunday   ,2017-03-26 03:10:08.290408,72.0 / 98,67.5 / 92,67.5 / 92,72.0 / 98,74.7 / 101,74.7 / 101,75.6 / 102,76.5 / 103,76.5 / 103,76.5 / 103,76.5 / 103,76.5 / 103,76.5 / 103,76.5 / 103,76.5 / 103,76.5 / 103,76.5 / 103,76.5 / 103,76.5 / 103,77.4 / 105,77.4 / 105,77.4 / 105,76.5 / 103,,,https://www.stubhub.com/event/9723480?&sid=117035
9722558,St. Louis Cardinals,2017-07-21 13:20:00,friday   ,2017-03-26 03:10:15.214804,108.0 / 144,107.1 / 143,107.1 / 143,108.0 / 144,113.4 / 151,113.4 / 151,114.3 / 153,114.3 / 153,114.3 / 153,114.3 / 153,114.3 / 153,114.3 / 153,110.7 / 148,110.7 / 148,110.7 / 148,110.7 / 148,110.7 / 148,110.7 / 148,116.1 / 155,116.1 / 155,115.2 / 154,115.2 / 154,116.1 / 155,,,https://www.stubhub.com/event/9722558?&sid=117035
9722576,St. Louis Cardinals,2017-07-22 15:05:00,saturday ,2017-03-26 03:10:23.039252,117.0 / 156,117.0 / 156,117.0 / 156,108.0 / 144,128.7 / 171,131.4 / 175,135.0 / 180,144.9 / 192,144.9 / 192,151.2 / 201,151.2 / 201,151.2 / 201,146.7 / 195,146.7 / 195,147.6 / 196,147.6 / 196,144.9 / 192,144.9 / 192,125.1 / 167,153.9 / 204,153.9 / 204,155.7 / 206,133.2 / 177,,,https://www.stubhub.com/event/9722576?&sid=117035
9722582,St. Louis Cardinals,2017-07-23 19:05:00,sunday   ,2017-03-26 03:10:32.09277,72.0 / 98,72.0 / 98,67.5 / 92,72.0 / 98,77.4 / 105,77.4 / 105,81.0 / 109,82.8 / 112,82.8 / 112,83.7 / 113,84.6 / 114,84.6 / 114,84.6 / 114,84.6 / 114,84.6 / 114,84.6 / 114,84.6 / 114,84.6 / 114,84.6 / 114,84.6 / 114,84.6 / 114,84.6 / 114,84.6 / 114,,,https://www.stubhub.com/event/9722582?&sid=117035
9723589,Chicago White Sox,2017-07-24 13:20:00,monday   ,2017-03-26 03:10:39.540196,85.5 / 115,85.5 / 115,85.5 / 115,90.0 / 121,101.7 / 136,101.7 / 136,102.6 / 137,102.6 / 137,101.7 / 136,101.7 / 136,105.3 / 141,105.3 / 141,105.3 / 141,105.3 / 141,105.3 / 141,101.7 / 136,101.7 / 136,101.7 / 136,102.6 / 137,102.6 / 137,100.8 / 135,100.8 / 135,95.4 / 128,,,https://www.stubhub.com/event/9723589?&sid=117035
9723591,Chicago White Sox,2017-07-25 13:20:00,tuesday  ,2017-03-26 03:10:48.322698,89.1 / 120,89.1 / 120,89.1 / 120,89.1 / 120,95.4 / 128,95.4 / 128,95.4 / 128,97.2 / 130,97.2 / 130,99.0 / 133,99.0 / 133,99.0 / 133,99.0 / 133,99.0 / 133,99.0 / 133,99.0 / 133,97.2 / 130,97.2 / 130,99.0 / 133,100.8 / 134,100.8 / 134,100.8 / 134,95.4 / 128,,,https://www.stubhub.com/event/9723591?&sid=117035
9722597,Arizona Diamondbacks,2017-08-01 19:05:00,tuesday  ,2017-03-26 03:10:54.151031,36.9 / 52,36.9 / 52,31.5 / 45,31.5 / 45,34.2 / 48,34.2 / 48,35.1 / 50,35.1 / 50,37.8 / 53,37.8 / 53,37.8 / 53,37.8 / 54,38.7 / 54,38.7 / 54,38.7 / 54,38.7 / 55,38.7 / 55,38.7 / 55,39.6 / 55,39.6 / 55,39.6 / 56,40.5 / 56,41.4 / 58,,,https://www.stubhub.com/event/9722597?&sid=117035
9722598,Arizona Diamondbacks,2017-08-02 19:05:00,wednesday,2017-03-26 03:11:02.091485,41.4 / 58,41.4 / 58,41.4 / 57,41.4 / 57,41.4 / 58,41.4 / 58,35.1 / 50,35.1 / 50,42.3 / 59,42.3 / 59,43.2 / 60,43.2 / 60,43.2 / 60,43.2 / 60,43.2 / 60,43.2 / 60,43.2 / 60,43.2 / 60,43.2 / 60,43.2 / 60,42.3 / 59,42.3 / 59,39.6 / 55,,,https://www.stubhub.com/event/9722598?&sid=117035
9722601,Arizona Diamondbacks,2017-08-03 13:20:00,thursday ,2017-03-26 03:11:07.814813,53.1 / 73,53.1 / 73,53.1 / 73,54.0 / 74,54.0 / 74,54.0 / 74,54.0 / 74,54.0 / 74,54.0 / 75,50.4 / 70,50.4 / 70,45.0 / 62,45.0 / 62,45.0 / 62,45.0 / 62,45.0 / 62,45.0 / 62,54.0 / 75,54.0 / 75,54.0 / 75,54.0 / 75,54.0 / 75,54.0 / 75,,,https://www.stubhub.com/event/9722601?&sid=117035
9723348,Washington Nationals,2017-08-04 13:20:00,friday   ,2017-03-26 03:11:13.943163,75.6 / 102,75.6 / 102,75.6 / 102,76.5 / 103,74.7 / 101,74.7 / 101,74.7 / 101,74.7 / 101,74.7 / 101,74.7 / 101,74.7 / 101,74.7 / 101,74.7 / 101,74.7 / 101,74.7 / 101,74.7 / 101,74.7 / 101,74.7 / 101,76.5 / 103,76.5 / 103,76.5 / 103,76.5 / 103,70.2 / 95,,,https://www.stubhub.com/event/9723348?&sid=117035
9723359,Washington Nationals,2017-08-05 13:20:00,saturday ,2017-03-26 03:11:21.05457,93.6 / 126,93.6 / 126,93.6 / 126,93.6 / 126,99.0 / 133,99.0 / 133,100.8 / 135,100.8 / 135,100.8 / 135,106.2 / 141,106.2 / 141,106.2 / 141,106.2 / 141,106.2 / 141,100.8 / 136,100.8 / 136,100.8 / 136,100.8 / 136,100.8 / 136,100.8 / 136,100.8 / 136,100.8 / 136,85.5 / 116,,,https://www.stubhub.com/event/9723359?&sid=117035
9723401,Washington Nationals,2017-08-06 13:00:00,sunday   ,2017-03-26 03:11:27.755953,65.7 / 89,65.7 / 89,65.7 / 89,65.7 / 89,63.0 / 86,66.6 / 90,66.6 / 90,66.6 / 90,66.6 / 90,66.6 / 90,66.6 / 90,66.6 / 90,66.6 / 90,66.6 / 90,66.6 / 90,66.6 / 90,66.6 / 90,66.6 / 90,69.3 / 94,69.3 / 94,69.3 / 94,69.3 / 94,70.2 / 95,,,https://www.stubhub.com/event/9723401?&sid=117035
9723509,Cincinnati Reds,2017-08-14 19:05:00,monday   ,2017-03-26 03:11:33.326272,28.8 / 41,28.8 / 41,28.8 / 41,31.5 / 45,34.2 / 48,35.1 / 49,35.1 / 49,35.1 / 49,39.6 / 55,39.6 / 55,39.6 / 55,39.6 / 55,39.6 / 55,39.6 / 55,39.6 / 55,39.6 / 55,39.6 / 55,39.6 / 55,39.6 / 55,39.6 / 55,39.6 / 55,39.6 / 55,39.6 / 55,,,https://www.stubhub.com/event/9723509?&sid=117035
9723512,Cincinnati Reds,2017-08-15 19:05:00,tuesday  ,2017-03-26 03:11:40.299671,31.5 / 45,31.5 / 45,31.5 / 45,31.5 / 45,35.1 / 50,35.1 / 50,35.1 / 50,35.1 / 50,41.4 / 58,41.4 / 58,41.4 / 58,41.4 / 58,41.4 / 58,41.4 / 58,41.4 / 58,41.4 / 58,41.4 / 58,41.4 / 58,41.4 / 58,41.4 / 58,41.4 / 58,41.4 / 58,41.4 / 58,,,https://www.stubhub.com/event/9723512?&sid=117035
9723515,Cincinnati Reds,2017-08-16 19:05:00,wednesday,2017-03-26 03:11:46.92805,27.0 / 39,27.0 / 39,27.0 / 39,28.8 / 42,29.7 / 43,30.6 / 43,30.6 / 43,30.6 / 43,31.5 / 45,31.5 / 45,31.5 / 45,31.5 / 45,31.5 / 45,31.5 / 45,31.5 / 45,31.5 / 45,31.5 / 45,31.5 / 45,31.5 / 45,31.5 / 45,31.5 / 45,31.5 / 45,31.5 / 45,,,https://www.stubhub.com/event/9723515?&sid=117035
9723519,Cincinnati Reds,2017-08-17 13:20:00,thursday ,2017-03-26 03:11:53.704438,54.0 / 74,54.0 / 74,54.0 / 74,54.0 / 74,54.0 / 74,36.0 / 51,35.1 / 50,36.0 / 51,55.8 / 77,55.8 / 77,55.8 / 77,55.8 / 77,55.8 / 77,55.8 / 77,45.0 / 62,45.0 / 62,45.0 / 62,45.0 / 62,45.0 / 62,45.0 / 62,45.0 / 62,45.0 / 62,57.6 / 78,,,https://www.stubhub.com/event/9723519?&sid=117035
9722466,Toronto Blue Jays,2017-08-18 13:20:00,friday   ,2017-03-26 03:12:00.161807,90.9 / 122,90.9 / 122,90.9 / 122,90.9 / 122,90.9 / 122,90.9 / 122,90.0 / 121,90.0 / 121,90.0 / 121,90.0 / 121,90.0 / 121,89.1 / 120,89.1 / 120,90.0 / 121,90.0 / 121,90.0 / 121,90.0 / 121,90.0 / 121,92.7 / 124,92.7 / 124,92.7 / 125,92.7 / 125,90.0 / 121,,,https://www.stubhub.com/event/9722466?&sid=117035
9722480,Toronto Blue Jays,2017-08-19 13:20:00,saturday ,2017-03-26 03:12:08.015256,106.2 / 142,106.2 / 142,108.0 / 144,108.0 / 144,118.8 / 158,119.7 / 160,121.5 / 162,122.4 / 163,122.4 / 163,122.4 / 164,119.7 / 160,116.1 / 155,114.3 / 153,114.3 / 153,114.3 / 153,114.3 / 153,114.3 / 153,114.3 / 153,114.3 / 153,114.3 / 153,114.3 / 153,114.3 / 153,94.5 / 127,,,https://www.stubhub.com/event/9722480?&sid=117035
9722482,Toronto Blue Jays,2017-08-20 13:20:00,sunday   ,2017-03-26 03:12:15.454682,76.5 / 103,76.5 / 103,76.5 / 103,72.0 / 98,78.3 / 106,79.2 / 107,79.2 / 107,80.1 / 108,81.0 / 109,81.0 / 109,81.0 / 109,81.0 / 109,81.0 / 109,81.9 / 110,79.2 / 107,79.2 / 107,79.2 / 107,79.2 / 107,81.9 / 110,81.9 / 110,81.0 / 109,81.0 / 109,70.2 / 95,,,https://www.stubhub.com/event/9722482?&sid=117035
9723463,Pittsburgh Pirates,2017-08-28 19:05:00,monday   ,2017-03-26 03:12:22.351076,31.5 / 45,31.5 / 45,28.8 / 41,31.5 / 45,32.4 / 46,32.4 / 46,34.2 / 48,34.2 / 48,34.2 / 48,34.2 / 49,34.2 / 49,34.2 / 49,34.2 / 49,34.2 / 49,34.2 / 49,34.2 / 49,34.2 / 49,34.2 / 49,36.0 / 50,36.0 / 50,36.0 / 51,36.0 / 51,36.9 / 52,,,https://www.stubhub.com/event/9723463?&sid=117035
9723464,Pittsburgh Pirates,2017-08-29 19:05:00,tuesday  ,2017-03-26 03:12:30.505542,24.3 / 36,24.3 / 36,24.3 / 36,27.0 / 39,27.9 / 40,27.9 / 40,28.8 / 41,28.8 / 41,28.8 / 42,28.8 / 42,28.8 / 42,28.8 / 42,28.8 / 42,28.8 / 42,28.8 / 42,28.8 / 42,28.8 / 42,28.8 / 41,28.8 / 41,28.8 / 41,28.8 / 42,28.8 / 42,31.5 / 45,,,https://www.stubhub.com/event/9723464?&sid=117035
9723465,Pittsburgh Pirates,2017-08-30 19:05:00,wednesday,2017-03-26 03:12:36.842905,22.5 / 33,22.5 / 33,22.5 / 33,27.0 / 39,28.8 / 41,28.8 / 41,28.8 / 42,28.8 / 42,28.8 / 42,28.8 / 42,28.8 / 42,29.7 / 43,29.7 / 43,29.7 / 43,29.7 / 43,29.7 / 43,29.7 / 43,29.7 / 43,29.7 / 43,29.7 / 43,29.7 / 43,29.7 / 43,30.6 / 44,,,https://www.stubhub.com/event/9723465?&sid=117035
9722486,Atlanta Braves,2017-08-31 19:05:00,thursday ,2017-03-26 03:12:43.833305,28.8 / 41,28.8 / 41,28.8 / 41,31.5 / 45,33.3 / 47,33.3 / 47,33.3 / 47,33.3 / 47,33.3 / 47,33.3 / 47,34.2 / 48,34.2 / 48,34.2 / 48,34.2 / 48,34.2 / 48,34.2 / 48,34.2 / 48,34.2 / 48,34.2 / 48,34.2 / 48,34.2 / 48,34.2 / 48,30.6 / 44,,,https://www.stubhub.com/event/9722486?&sid=117035
9722490,Atlanta Braves,2017-09-01 13:20:00,friday   ,2017-03-26 03:03:32.645779,44.1 / 62,44.1 / 62,44.1 / 62,44.1 / 62,61.2 / 84,61.2 / 84,62.1 / 84,62.1 / 84,63.9 / 87,33.3 / 47,63.0 / 86,63.9 / 87,63.9 / 87,63.9 / 87,63.9 / 87,63.9 / 87,63.9 / 87,63.9 / 87,66.6 / 91,66.6 / 91,66.6 / 91,66.6 / 91,53.1 / 73,,,https://www.stubhub.com/event/9722490?&sid=117035
9722493,Atlanta Braves,2017-09-02 13:20:00,saturday ,2017-03-26 03:12:51.803761,66.6 / 91,66.6 / 91,67.5 / 92,71.1 / 96,73.8 / 100,73.8 / 100,74.7 / 101,75.6 / 102,75.6 / 102,75.6 / 102,75.6 / 102,75.6 / 102,73.8 / 100,73.8 / 100,73.8 / 100,73.8 / 100,73.8 / 100,73.8 / 100,75.6 / 102,75.6 / 102,75.6 / 102,75.6 / 102,71.1 / 96,,,https://www.stubhub.com/event/9722493?&sid=117035
9722495,Atlanta Braves,2017-09-03 13:00:00,sunday   ,2017-03-26 03:12:58.197126,45.0 / 62,45.0 / 62,44.1 / 61,45.0 / 62,51.3 / 71,51.3 / 71,52.2 / 72,52.2 / 72,53.1 / 73,58.5 / 80,58.5 / 80,52.2 / 72,52.2 / 72,52.2 / 72,52.2 / 72,52.2 / 72,52.2 / 72,52.2 / 72,53.1 / 73,53.1 / 73,53.1 / 73,53.1 / 73,44.1 / 62,,,https://www.stubhub.com/event/9722495?&sid=117035
9722530,Milwaukee Brewers,2017-09-08 13:20:00,friday   ,2017-03-26 03:13:05.294532,57.6 / 79,57.6 / 79,57.6 / 79,58.5 / 80,60.3 / 82,60.3 / 82,61.2 / 84,61.2 / 84,63.0 / 86,63.0 / 86,63.9 / 87,63.9 / 87,63.9 / 87,63.9 / 87,63.9 / 87,63.9 / 87,63.9 / 87,63.9 / 87,70.2 / 95,70.2 / 95,70.2 / 95,70.2 / 95,45.0 / 62,,,https://www.stubhub.com/event/9722530?&sid=117035
9722542,Milwaukee Brewers,2017-09-09 15:05:00,saturday ,2017-03-26 03:13:11.90491,54.0 / 74,54.0 / 74,54.0 / 74,54.0 / 74,63.0 / 86,63.0 / 86,69.3 / 95,69.3 / 95,69.3 / 95,69.3 / 95,69.3 / 95,69.3 / 95,69.3 / 95,69.3 / 95,60.3 / 82,60.3 / 82,60.3 / 82,60.3 / 82,60.3 / 82,60.3 / 82,60.3 / 82,59.4 / 81,60.3 / 82,,,https://www.stubhub.com/event/9722542?&sid=117035
9722543,Milwaukee Brewers,2017-09-10 13:20:00,sunday   ,2017-03-26 03:13:17.927255,36.0 / 51,36.0 / 51,36.0 / 51,36.0 / 51,43.2 / 60,43.2 / 60,44.1 / 61,44.1 / 62,44.1 / 62,44.1 / 62,44.1 / 62,44.1 / 62,45.0 / 62,45.0 / 62,45.0 / 62,45.0 / 62,45.0 / 62,45.0 / 62,45.0 / 62,43.2 / 61,43.2 / 61,43.2 / 61,45.0 / 62,,,https://www.stubhub.com/event/9722543?&sid=117035
9723000,New York Mets,2017-09-12 19:05:00,tuesday  ,2017-03-26 03:13:25.257674,30.6 / 44,30.6 / 44,31.5 / 45,31.5 / 45,31.5 / 45,31.5 / 45,31.5 / 45,31.5 / 45,32.4 / 46,32.4 / 46,32.4 / 46,32.4 / 46,32.4 / 46,32.4 / 46,32.4 / 46,32.4 / 46,32.4 / 46,32.4 / 46,32.4 / 46,32.4 / 46,32.4 / 46,32.4 / 46,32.4 / 46,,,https://www.stubhub.com/event/9723000?&sid=117035
9723002,New York Mets,2017-09-13 19:05:00,wednesday,2017-03-26 03:13:31.622038,30.6 / 44,30.6 / 44,30.6 / 44,30.6 / 44,30.6 / 44,30.6 / 44,30.6 / 44,31.5 / 45,32.4 / 46,32.4 / 46,32.4 / 46,32.4 / 47,32.4 / 47,32.4 / 47,32.4 / 47,32.4 / 47,32.4 / 47,32.4 / 47,32.4 / 47,32.4 / 47,32.4 / 47,32.4 / 47,32.4 / 47,,,https://www.stubhub.com/event/9723002?&sid=117035
9723006,New York Mets,2017-09-14 19:05:00,thursday ,2017-03-26 03:13:38.025404,31.5 / 45,31.5 / 45,31.5 / 45,31.5 / 45,32.4 / 46,32.4 / 46,32.4 / 46,33.3 / 47,33.3 / 47,33.3 / 47,33.3 / 47,33.3 / 47,33.3 / 47,33.3 / 47,33.3 / 47,33.3 / 47,33.3 / 47,33.3 / 47,33.3 / 47,33.3 / 47,33.3 / 47,33.3 / 47,32.4 / 47,,,https://www.stubhub.com/event/9723006?&sid=117035
9722560,St. Louis Cardinals,2017-09-15 13:20:00,friday   ,2017-03-26 03:13:44.395769,85.5 / 115,85.5 / 115,85.5 / 115,85.5 / 115,85.5 / 115,72.0 / 98,72.0 / 98,72.0 / 98,72.0 / 98,88.2 / 119,88.2 / 119,88.2 / 119,88.2 / 119,88.2 / 119,88.2 / 119,88.2 / 119,88.2 / 119,87.3 / 117,88.2 / 119,88.2 / 119,88.2 / 119,88.2 / 119,89.1 / 120,,,https://www.stubhub.com/event/9722560?&sid=117035
9722585,St. Louis Cardinals,2017-09-16 12:05:00,saturday ,2017-03-26 03:13:52.952258,93.6 / 126,93.6 / 126,94.5 / 127,99.0 / 133,102.6 / 137,102.6 / 137,103.5 / 139,105.3 / 141,108.0 / 144,112.5 / 150,124.2 / 165,124.2 / 165,107.1 / 143,107.1 / 143,107.1 / 143,107.1 / 143,107.1 / 143,107.1 / 143,107.1 / 143,107.1 / 143,107.1 / 143,107.1 / 143,99.0 / 133,,,https://www.stubhub.com/event/9722585?&sid=117035
9722592,St. Louis Cardinals,2017-09-17 13:00:00,sunday   ,2017-03-26 03:13:59.98166,72.0 / 98,72.0 / 98,72.0 / 98,74.7 / 101,74.7 / 101,74.7 / 101,75.6 / 102,76.5 / 103,76.5 / 103,76.5 / 103,76.5 / 103,76.5 / 103,76.5 / 103,76.5 / 103,76.5 / 103,76.5 / 103,76.5 / 103,76.5 / 103,76.5 / 103,77.4 / 104,77.4 / 104,77.4 / 104,75.6 / 102,,,https://www.stubhub.com/event/9722592?&sid=117035
9723523,Cincinnati Reds,2017-09-29 13:20:00,friday   ,2017-03-26 03:14:07.001062,49.5 / 68,49.5 / 68,49.5 / 68,49.5 / 68,57.6 / 79,57.6 / 79,57.6 / 79,57.6 / 79,57.6 / 79,57.6 / 79,57.6 / 79,57.6 / 79,57.6 / 79,57.6 / 79,57.6 / 79,57.6 / 79,57.6 / 79,57.6 / 79,59.4 / 81,59.4 / 81,59.4 / 81,59.4 / 81,45.0 / 62,,,https://www.stubhub.com/event/9723523?&sid=117035
9723530,Cincinnati Reds,2017-09-30 15:05:00,saturday ,2017-03-26 03:14:13.217417,49.5 / 68,49.5 / 68,49.5 / 68,52.2 / 72,54.0 / 74,54.0 / 74,54.9 / 75,55.8 / 76,57.6 / 79,57.6 / 79,57.6 / 79,57.6 / 79,57.6 / 79,57.6 / 79,57.6 / 79,57.6 / 79,57.6 / 79,57.6 / 79,57.6 / 79,57.6 / 79,57.6 / 79,57.6 / 79,58.5 / 80,,,https://www.stubhub.com/event/9723530?&sid=117035
9723526,Cincinnati Reds,2017-10-01 14:20:00,sunday   ,2017-03-26 03:03:24.415308,39.6 / 56,39.6 / 56,39.6 / 56,39.6 / 56,43.2 / 60,43.2 / 60,44.1 / 61,45.0 / 62,46.8 / 65,46.8 / 65,46.8 / 65,46.8 / 65,46.8 / 65,46.8 / 65,46.8 / 65,46.8 / 65,47.7 / 66,47.7 / 66,48.6 / 67,48.6 / 67,48.6 / 68,48.6 / 68,52.2 / 72,,,https://www.stubhub.com/event/9723526?&sid=117035
